service,city,rank,domain,page_url_found,business_name,email,phone
nail salon london,Waterloo,2,townhouse.co.uk,https://townhouse.co.uk/,,customercare@townhouse.co.uk; events@townhouse.co.uk; pr@townhouse.co.uk,
nail salon london,Waterloo,4,butterlondon.com,https://www.butterlondon.com/,butter LONDON,mates@butterlondon.com,
nail salon london,Waterloo,7,paintnailslondon.co.uk,https://paintnailslondon.co.uk/,Paint Nails London,info@paintnailslondon.co.uk,02081271121; 2081271121; 441137133
nail salon london,Waterloo,9,bellezabeauty.uk,https://bellezabeauty.uk/,,belleza_beauty@yahoo.com; bellezacolchester@gmail.com; info@bellezabeauty.uk,+4412066955; 01245203800; 0124569836
nail salon london,Waterloo,20,nail-worx.co.uk,https://nail-worx.co.uk/,,nailworxuk@gmail.com,0208076585
nail salon london,Borough,2,glamournailsse1.com,https://www.glamournailsse1.com/,Beauti Spa,glamournailsse1@gmail.com,0203417551
nail salon london,Borough,10,setmore.com,https://beautifulnailseyelashes.setmore.com/,DIAMOND SPA NAILS & BEAUTY,info@beautifulnailseyelashes.co.uk,74820312
nail salon london,Borough,14,trieunails.com,https://trieunails.com/,,hello@trieunails.com,0208981; 02089818161
nail salon london,Westminster,2,mytreatwell.co.uk,https://goglamwestminster.mytreatwell.co.uk/,,annatrieu86@googlemail.com,0207233
nail salon london,Westminster,10,moretonplace.co.uk,https://www.moretonplace.co.uk/,Moreton Place Beauty & Wellbeing,info@moretonplace.co.uk,0207821
nail salon london,Westminster,20,raffles.com,https://www.raffles.com/,,bali@raffles.com; bookus.makkah@raffles.com; bookus.phnompenh@raffles.com; bookus.praslin@raffles.com; bookus.siemreap@raffles.com; boston@raffles.com; dubai@raffles.com; hainan@raffles.com; hb5q2@raffles.com; info.doha@raffles.com; info.thepalm@raffles.com; info@rafflesmacau.com; jakarta@raffles.com; london@raffles.com; makati@raffles.com; paris@raffles.com; raffles.jeddah@raffles.com; reservation.istanbul@raffles.com; reservations.bahrain@raffles.com; reservations.jaipur@raffles.com; reservations.maldives@raffles.com; shenzhen@raffles.com; singapore@raffles.com; udaipur@raffles.com; warsaw@raffles.com,+15068706794; +18007689009; +1855855600
nail salon london,Southwark,6,maubeauty.co.uk,https://www.maubeauty.co.uk/,,hello@maubeauty.co.uk,02079671293
nail salon london,Southwark,7,mytreatwell.co.uk,https://charmingnails.mytreatwell.co.uk/,,charmingnails.uk@gmail.com,077847407
nail salon london,Southwark,10,thehoxton.com,https://thehoxton.com/,,bonjour@rivieparis.com; elio@thehox.com; events.rome@thehox.com,
nail salon london,Southwark,13,setmore.com,https://viviannailsbeauty.setmore.com/,Vivian Nails & Beauty,contactviviannails88@gmail.com,78950921
nail salon london,Elephant and Castle,9,68nailspa.com,https://68nailspa.com/,,nails@68nailspa.com,36011325
nail salon london,Elephant and Castle,12,nailsbymariaessentialbeautybar.co.uk,https://nailsbymariaessentialbeautybar.co.uk/,Nails By Maria Essential Beauty Bar,contact@nailsbymaria.com; nailsbymaria@hotmail.com; nailsbymaria@outlook.com,073053853
nail salon london,London Bridge,10,towernailsspa.co.uk,https://towernailsspa.co.uk/,,filler@godaddy.com; info@towernailsspa.co.uk,0794465050
nail salon london,London Bridge,12,ritasbeauty.co.uk,https://www.ritasbeauty.co.uk/,,info@ritasbeauty.co.uk,074010802
nail salon london,London Bridge,15,indigo-nailsny.com,https://indigo-nailsny.com/,,office@indigo-nailsny.com,+19294272518
nail salon london,Bermondsey,5,cloud9salon.co.uk,https://cloud9salon.co.uk/,,cloud9beauty.info@gmail.com,0160759196; 02073781; 0759196
nail salon london,Bermondsey,7,mytreatwell.co.uk,https://fab-nails-spa.mytreatwell.co.uk/,,lucynguyen15@gmail.com,0208616
nail salon london,Bermondsey,9,imagehairlondon.co.uk,https://imagehairlondon.co.uk/,,contact@imagehairlondon.co.uk,0207231; 02086775981
nail salon london,Bermondsey,13,mirlinda.co.uk,https://mirlinda.co.uk/,,salon@mirlinda.co.uk,0207740
nail salon london,Bermondsey,19,healthandbeautyclinic.london,https://healthandbeautyclinic.london/,,info@healthandbeautyclinic.london,0207064; 10207064; 70649100
nail salon london,Bermondsey,20,strandlock.co.uk,https://strandlock.co.uk/,Strand & Lock,info@strandlock.co.uk,0207089; 0207403
nail salon london,Bankside,3,getslick.com,https://osullivanconceptsalons.getslick.com/,,osullivansbankside@gmail.com,+440207021
nail salon london,Walworth,10,fantasbeauty.co.uk,https://www.fantasbeauty.co.uk/,,fantas395@yahoo.com,0207701678; 2077016789
nail salon london,Walworth,11,nailsbymariaessentialbeautybar.co.uk,https://nailsbymariaessentialbeautybar.co.uk/,Nails By Maria Essential Beauty Bar,hello@nailsbymaria.co.uk; nailsbymaria.beauty@gmail.com; nailsbymaria@gmail.com,073053853
nail salon london,Walworth,12,mytreatwell.co.uk,https://lynas-beauty.mytreatwell.co.uk/,,lynabeauty@icloud.com,0207703
nail salon london,Kennington,11,setmore.com,https://lavishspa.setmore.com/,Lavish Spa,spalavish036@gmail.com,34411290
nail salon london,Kennington,14,thegelbottle.com,https://thegelbottle.com/,,contact@thegelbottle.com,+443309127902; 08216906; 18777374672
nail salon london,Vauxhall,1,livetruelondon.com,https://livetruelondon.com/,,general@livetruelondon.com; info@livetruelondon.com; recruitment@livetruelondon.com,0204531; 0207582; 0207627
nail salon london,Vauxhall,11,trian.co.uk,https://www.trian.co.uk/,,customercare@trian.co.uk,7583900413
nail salon london,Vauxhall,12,happynailsvictoria.com,https://www.happynailsvictoria.com/,Happy Nails ,happynails.victoria320@gmail.com,077160152; 0771601524
nail salon london,Lambeth,5,leezurlondon.com,https://www.leezurlondon.com/,Leezūr London Spa,info@leezurlondon.com,20162025; 5196014888
nail salon london,Lambeth,19,allaboutyouhairandbeauty.com,https://allaboutyouhairandbeauty.com/,,allaboutyou_salon@yahoo.com,02074507
nail salon london,Blackfriars,4,nailscape.co.uk,https://nailscape.co.uk/,,coventgarden@nailscapeuk.co.uk; nailscapeuk@gmail.com,0207583; 0208149; 15960736736
nail salon london,Blackfriars,10,beautyessence.co.uk,https://www.beautyessence.co.uk/,Beauty Essence,info@beautyessence.co.uk,0207248; 19872022
nail salon london,Blackfriars,16,bselfish.co.uk,https://www.bselfish.co.uk/,Selfish,info@bselfish.co.uk; shoreditch@bselfish.co.uk; spitalfields@bselfish.co.uk,0203719456; 0204568593; 0207033387
nail salon london,Blackfriars,19,bbb-london.com,https://bbb-london.com/,,enquiries@blinkbrowbar.com,
nail salon london,Temple,1,beautytemple.co.uk,https://beautytemple.co.uk/,,info@beautytemple.co.uk; stamford@beautytemple.co.uk,03333134003; 07611296
nail salon london,Temple,9,square.site,https://square.site/,,example@yourdomain.com,18004701673; 18557006000; 5035551212
nail salon london,Holborn,7,irisavenue.com,https://www.irisavenue.com/,Iris Avenue,hello@irisavenue.com,02076368866
nail salon london,Holborn,9,salonhouse.co.uk,https://www.salonhouse.co.uk/,,info@salonhouse.co.uk,0207404; 1829855205715; 44082023
nail salon london,Holborn,10,aveda.co.uk,https://www.aveda.co.uk/,,contactmanufacturer@elcompanies.com; info@essentialaccessibility.com; jane@aol.com,+3225882642; 08000542979; 0800074690
nail salon london,Holborn,17,sallybeauty.co.uk,https://www.sallybeauty.co.uk/,,education.stores@uk.sallybeauty.com,03301231906; 777773333
nail salon london,Clerkenwell,2,mytreatwell.co.uk,https://thenailgardenclerkenwell.mytreatwell.co.uk/,,thenailgardenclerkenwell@gmail.com,0207837
nail salon london,Clerkenwell,15,setmore.com,https://luxenailsandbeauty.setmore.com/,Luxe Nails and Beauty,dinhhung21071983@gmail.com,21071983; 35244586
nail salon london,Farringdon,20,murdocklondon.com,https://www.murdocklondon.com/,,concierge@murdocklondon.com; events@murdocklondon.com; press@murdocklondon.com; recruitment@murdocklondon.com; themurdockman@murdocklondon.com; weborders@murdocklondon.com; wholesale@murdocklondon.com,0203393; 05608733; 876983546
nail salon london,Barbican,2,mytreatwell.co.uk,https://planet-nails.mytreatwell.co.uk/,,rdot98@hotmail.co.uk,0207600
nail salon london,Barbican,7,divastarnails.com,https://www.divastarnails.com/,Diva Star Nails,bookings@divastarnails.com,0207253; 078749536
nail salon london,Barbican,13,aurabeautyclinic.com,https://aurabeautyclinic.com/,,contact@aurabeautyclinic.com,0207490
nail salon london,Barbican,14,setmore.com,https://spanailslondon.setmore.com/,Spa Nails,spanails168@gmail.com,
nail salon london,Aldgate,8,nails4ulondon.co.uk,https://www.nails4ulondon.co.uk/,,nail4u1234@gmail.com,02070185856
nail salon london,Aldgate,9,heavenssalon.com,https://heavenssalon.com/,Heavens Salon,theheavens95@gmail.com,73770377
nail salon london,Aldgate,12,maryamhairandbeauty.co.uk,https://maryamhairandbeauty.co.uk/,,info@maryamhairandbeauty.co.uk,02037309118
nail salon london,Aldgate,16,lesalon.com,https://lesalon.com/,,hello@lesalon.com,0208050
nail salon london,Aldgate,20,mytreatwell.co.uk,https://no9nailstudio.mytreatwell.co.uk/,,nguyenhami.ktqd@gmail.com,074904922
nail salon london,Shoreditch,8,harpersbazaar.com,https://www.harpersbazaar.com/,,harcustserv@cdsfulfillment.com; membersupport@harpersbazaar.com,8008883045; 8887979927
nail salon london,Shoreditch,10,awelondon.co.uk,https://www.awelondon.co.uk/,,contact@awelondon.co.uk; info@mysite.com,0207729
nail salon london,Shoreditch,12,cowshed.com,https://spa.cowshed.com/,,enquiries.babington@cowshed.com; enquiries.barbicancowshed@cowshed.com; enquiries.primrosehill@cowshed.com; enquiries.shoreditch@cowshed.com,0120886; 013738138; 01608691000
nail salon london,Hoxton,12,butcherssalon.com,https://www.butcherssalon.com/,Butchers Salon ,yourvoicematters@butcherssalon.com,0116270744; 012449569; 0207613
nail salon london,Hoxton,17,nikitabeautysalon.com,https://www.nikitabeautysalon.com/,Nikita,info@nikitabeautysalon.com,0208050; 0208050811
nail salon london,Spitalfields,11,mwnailsandbeauty.co.uk,https://www.mwnailsandbeauty.co.uk/,MW NAILS AND BEAUTY SALON,info@mwnailsandbeauty.co.uk,02033028182; 0750727001
nail salon london,Spitalfields,20,neilmoodiestudio.com,https://www.neilmoodiestudio.com/,,enquiries@neilmoodiestudio.com; recruitment@neilmoodiestudio.com; sales@neilmoodiestudio.com,0207646; 02082374475
nail salon london,Bethnal Green,1,bethnalgreennails.co.uk,https://bethnalgreennails.co.uk/,,hollywoodstarnails@yahoo.com,0207613
nail salon london,Bethnal Green,9,scratchmagazine.co.uk,https://www.scratchmagazine.co.uk/,,a@saviour.nails; editorial@scratchmagazine.co.uk; helena.biggs@scratchmagazine.co.uk; ian.archbold@scratchmagazine.co.uk; jess.watts@scratchmagazine.co.uk; jess.wilkie@scratchmagazine.co.uk; laura.tarling@scratchmagazine.co.uk; lisa.ebbens@scratchmagazine.co.uk; marketing@scratchmagazine.co.uk; rebecca.hitchon@scratchmagazine.co.uk; scott.derbyshire@scratchmagazine.co.uk; scratch-subs@c-cms.com,1791800093417; 1808472476889
nail salon london,Bethnal Green,10,mytreatwell.co.uk,https://tila-nails.mytreatwell.co.uk/,,nertilamuska@gmail.com,077596458; 77596458
nail salon london,Bethnal Green,18,allure-london.com,https://allure-london.com/,,hello@allure-london.com,0207729; 43250207729
nail salon london,Rotherhithe,7,muckypups-london.co.uk,https://muckypups-london.co.uk/,,muckypupslondon@gmail.com,0207740162
nail salon london,Rotherhithe,14,hairandco.uk,https://www.hairandco.uk/,Hair and Co London,instagram@hairandco.london,
nail salon london,Rotherhithe,17,paradisenbeauty.com,https://www.paradisenbeauty.com/,Paradise n Beauty,paradisenbeauty184@gmail.com,077899890; 0778998909
nail salon london,Canada Water,12,bluemangosalon.com,https://www.bluemangosalon.com/,The Blue Mango Salon,bluemangocrew@me.com; book@bluemangosalon.com; shop@bluemangosalon.com,0207231; 0207231325
nail salon london,Canada Water,13,canarywharf.com,https://canarywharf.com/,,dataprotection@canarywharf.com; estate.controlcentre@canarywharf.com; info@canarywharf.com; public.art@canarywharf.com; retail@canarywharf.com; talktous@canarywharfchaplaincy.co.uk,0207418; 0207477; 4191122
nail salon london,Canada Water,16,maccosmetics.com,https://www.maccosmetics.com/,,copyright@estee.com; name@domain.com,18003525267; 18004194041; 18005880070
nail salon london,Canada Water,17,3dburn.co.uk,https://www.3dburn.co.uk/,,headsup@3dburn.co.uk,
nail salon london,Canada Water,19,artofbeauty.com,https://zoya.artofbeauty.com/,,pr@artofbeauty.com,18006596909; 2163650105; 2164386363
nail salon london,Deptford,3,rushandrylondon.com,https://www.rushandrylondon.com/,,info@rushandrylondon.com,0207018; 0208691; 0208858
nail salon london,Deptford,5,nailsbeautysupplies.com,https://www.nailsbeautysupplies.com/,NBS Distribution LTD,sales@nailsbeautysupplies.com,02086917773
nail salon london,Deptford,6,thebohemianssalon.com,https://www.thebohemianssalon.com/,,info@thebohemianssalon.co.uk,0203659; 02036598760
nail salon london,Deptford,10,chloenailsdeptford.com,https://chloenailsdeptford.com/,,hoangphuchoang46@gmail.com,0208469418; 2135779999
nail salon london,Deptford,11,ueniweb.com,https://annies-nails-beauty.ueniweb.com/,Annie’s Nails & Beauty Salon,info@gmail.com,0208469
nail salon london,New Cross,7,setmore.com,https://tracynailsnewcross.setmore.com/,Tracy Nails New cross,info@tracynailsnewcross.co.uk,72777089
nail salon london,New Cross,10,mytreatwell.co.uk,https://thebeautyspotldn.mytreatwell.co.uk/,,thebeautyspotldn@gmail.com,073912863
nail salon london,Peckham,5,hollywoodnailssupply.co.uk,https://www.hollywoodnailssupply.co.uk/,,info@hollywoodnailssupply.co.uk,0207358; 0207639; 09899073
nail salon london,Peckham,7,l8nbs.com,https://l8nbs.com/,,info@l8nbs.com,2037958331; 74982046
nail salon london,Peckham,19,cherrybombnails.co.uk,https://www.cherrybombnails.co.uk/,Cherry Bomb Nails,info@cherrybombnails.co.uk,
nail salon london,Camberwell,8,setmore.com,https://68nailspa.setmore.com/,68 Nail & Spa,nailspa68k@gmail.com,36011325
nail salon london,Camberwell,10,ilovekalon.com,https://ilovekalon.com/,,%20bookings@ilovekalon.com; bookings@ilovekalon.com,0207701635
nail salon london,Camberwell,12,professionalbeauty.co.uk,https://professionalbeauty.co.uk/,,info.pb@thepbgroup.com; info.sb@thepbgroup.com,1611723694; 1618178900; 2073510536
nail salon london,Camberwell,17,tularose.com,https://www.tularose.com/,Tula Rose Beauty,info@tularose.com,0207733; 079304936
nail salon london,Camberwell,19,reeceyroos.com,https://reeceyroos.com/,,business@your-domain.com; info@your-domain.com; reeceyroos@info.com,1234567891; 18005556789; 18884567890
nail salon london,Oval,6,mazuhairaesthetics.co.uk,https://www.mazuhairaesthetics.co.uk/,,info@mazuhairaesthetics.co.uk,0203912; 077156006; 15266241
nail salon london,Oval,11,universalnailslauderhill.com,https://universalnailslauderhill.com/,,truongproperty@yahoo.com,3519545784119; 9545784119
nail salon london,Oval,15,mimisalon.co.uk,https://mimisalon.co.uk/,,info@mimisalon.co.uk,+4474501148; 074501148
nail salon london,Stockwell,5,beautystatus.co.uk,https://www.beautystatus.co.uk/,,beautystatuswaterloo@gmail.com,075008787
nail salon london,Stockwell,8,stockwellbeauty.com,https://www.stockwellbeauty.com/,,stockwellbeauty@gmail.com,+4473100320; 073100320
nail salon london,Stockwell,11,beautypac.co.uk,https://www.beautypac.co.uk/,,info@beautypac.co.uk,+440207733819; +440790304154
nail salon london,Stockwell,12,danisbeauty.co.uk,https://danisbeauty.co.uk/,,info@danisbeautysalon.co.uk,+440203609
nail salon london,Stockwell,15,arcasairconditioning.com,https://www.arcasairconditioning.com/,,arcasairconditioning@gmail.com; info@arcasairconditioning.com,0772365; 0772365155; 07723651551
nail salon london,Stockwell,18,thephotographersgallery.org.uk,https://thephotographersgallery.org.uk/,,membership@tpg.org.uk,0207087
nail salon london,Brixton,1,amathesalon.com,https://amathesalon.com/,,booking@amathesalon.com; brixton@amathesalon.com; info@amathesalon.com; recruitment@amathesalon.com,0207095
nail salon london,Brixton,6,nailspabrixton.co.uk,http://nailspabrixton.co.uk/,,gianghuonglily1965@gmail.com,01131269; 01153156; 0207274
nail salon london,Brixton,11,naiyahnails.com,https://naiyahnails.com/,,contact@naiyahnails.com,+440747290834
nail salon london,Brixton,16,livetruelondon.com,https://livetruelondon.com/,,hello@livetruelondon.com,0204531; 0207582; 0207627
nail salon london,Brixton,19,glamourmagazine.co.uk,https://www.glamourmagazine.co.uk/,Glamour UK,classglamour@condenast.co.uk; condenastuk@wrightsmedia.com; datacontroller@condenast.co.uk; glamouradvertising@condenast.co.uk; glamourbeautyclub@condenast.co.uk; glamourbeautyclub@mrm.co.uk; glamoureditorial1@condenast.co.uk,71523705
nail salon london,Herne Hill,7,emmawilsonurbanspa.co.uk,https://www.emmawilsonurbanspa.co.uk/,,hello@emmawilsonurbanspa.co.uk; tulsehill@emmawilsonurbanspa.co.uk,02086748; 0208769
nail salon london,Herne Hill,8,polisheddulwich.com,https://polisheddulwich.com/,Poloshed Dulwich,info@polisheddulwich.com,0208299
nail salon london,Herne Hill,14,kikibeautysalon.co.uk,https://kikibeautysalon.co.uk/,,info@kikibeautysalon.co.uk,0208675947; 0781756238; 07817562380
nail salon london,Herne Hill,16,brockwellvets.co.uk,https://brockwellvets.co.uk/,,info@brockwellvets.co.uk,0207737; 02077372526; 446221316
nail salon london,Herne Hill,18,sliquespa.net,https://www.sliquespa.net/,S.Spa LONDON,s.spalondon95@gmail.com; s.spalondon98@gmail.com; sliquespalondon@gmail.com,0208674; 0783052055
nail salon london,Dulwich,6,fabbeautelondon.com,https://fabbeautelondon.com/,,fabbeautelondon2@icloud.com; fabbeautelondon@icloud.com,+4475410011; 0736555333; 0754100111
nail salon london,Dulwich,10,mytreatwell.co.uk,https://lyttle-minx-east-dulwich.mytreatwell.co.uk/,,info@lyttleminx.com,0208693
nail salon london,Dulwich,11,probeautyclinic.co.uk,https://www.probeautyclinic.co.uk/,Pro Beauty Clinic,enquiries@probeautyclinic.co.uk,02082999500
nail salon london,Dulwich,14,drboo.co.uk,https://www.drboo.co.uk/,,dr.boo@me.com,0208693; 48230748
nail salon london,Greenwich,1,nailland.co.uk,https://nailland.co.uk/,,info@nailland.co.uk,0208259; 0208259373; 075416675
nail salon london,Greenwich,6,thegreenwichspa.co.uk,https://www.thegreenwichspa.co.uk/,,hello@thegreenwichspa.co.uk,0208858602
nail salon london,Greenwich,10,nailmasterstudio.com,https://nailmasterstudio.com/,,info@nailmastersnorthgreenwich.com,75174365
nail salon london,Greenwich,14,beautyfini.co.uk,https://beautyfini.co.uk/,Beautyfini,hello@beautyfini.co.uk; unhappy@beautyfini.co.uk,0777778982
nail salon london,Greenwich,15,puresynergie.co.uk,https://www.puresynergie.co.uk/,,puresynergie@hotmail.co.uk,0208858; 20212022
nail salon london,Isle of Dogs,3,setmore.com,https://hrnailbare14.setmore.com/,HR NAIL BAR E14,hrnailbar23@gmail.com,75316129
nail salon london,Isle of Dogs,10,sassynails.co.uk,https://www.sassynails.co.uk/,,info@sassynails.co.uk,
nail salon london,Isle of Dogs,11,lovethlovebeauty.co.uk,https://www.lovethlovebeauty.co.uk/,,loveth63@gmail.com; skinexpert@lovethlovebeauty.co.uk,0207537; 0207537456; 02075374563
nail salon london,Isle of Dogs,18,dastan.london,https://www.dastan.london/,,info@dastan.london,+442075151400; 10909062
nail salon london,Limehouse,3,book.app,https://littlenailhouse.book.app/,Little Nail House,littlenailhouse@hotmail.com,0203774660
nail salon london,Limehouse,19,essential-therapie.co.uk,https://essential-therapie.co.uk/,,canarywharf@essential-therapie.co.uk,0207538
nail salon london,Stepney,14,bethnalgreennails.co.uk,https://bethnalgreennails.co.uk/,,hollywoodstarnails@yahoo.co.uk; info@bethnalgreennails.co.uk,0207613
nail salon london,Bow,3,saigonbeauty.co.uk,http://saigonbeauty.co.uk/,,saigonbeautyuk@gmail.com,0203643
nail salon london,Bow,4,prettylittlenailsldn.com,https://www.prettylittlenailsldn.com/,Pretty Little Nails | Nails Salon Bow | East London,prettylittlenailsldn@gmail.com,0208981
nail salon london,Bow,11,sensationalnailsbow.co.uk,https://sensationalnailsbow.co.uk/,,info@sensationalnails.co.uk,0208983; 02089834365; 0734071
nail salon london,Bow,12,bowwow.london,https://www.bowwow.london/,Bow Wow London,orders@bowwow.london,78368789
nail salon london,Bow,17,izabellehammon.com,https://www.izabellehammon.com/,,info@izabellehammon.com,015827989
nail salon london,Mile End,20,dougsdogs.co.uk,https://www.dougsdogs.co.uk/,Doug's Dogs Limited,doug@dougsdogs.co.uk,11357167; 323814713
nail salon london,Hackney,4,manicuredlondon.co.uk,https://www.manicuredlondon.co.uk/,,customercare@manicuredlondon.co.uk,
nail salon london,Hackney,8,euronailspa.co.uk,https://www.euronailspa.co.uk/,,email@example.com; euronailspaltd@gmail.com; uronailspaltd@gmail.com,0207998
nail salon london,Hackney,13,still-london.com,https://still-london.com/,,hello@still-london.com,078713078
nail salon london,Hackney,14,thenailroom.co,https://www.thenailroom.co/,The Nail Room & Co,nailsatthenailroom@gmail.com,0207684
nail salon london,Hackney,19,guysanddollsparlour.co.uk,https://guysanddollsparlour.co.uk/,,info@guysanddollsparlour.com,02077397122; 0208985; 02089852200
nail salon london,Stratford,6,beautynailsandaesthetics.co.uk,https://www.beautynailsandaesthetics.co.uk/,Beauty Nail Lounge ,team@beautynailsandaesthetics.co.uk,074387202; 0743872023
nail salon london,Stratford,10,nail-boutique.co.uk,https://www.nail-boutique.co.uk/,,contact@nail-boutique.co.uk,0208534
nail salon london,Stratford,19,regencybeautylondon.com,https://www.regencybeautylondon.com/,Regency Beauty London,%20info@regencybeautylondon.com; info@regencybeautylondon.com,+440203583
nail salon london,Wapping,14,salon-evo.com,https://salon-evo.com/,,info@salon-evo.com,
nail salon london,Shadwell,15,alicesstudio.uk,https://www.alicesstudio.uk/,,alicesstudio18@gmail.com,02086739091
nail salon london,Shadwell,20,sayatherapies.com,https://www.sayatherapies.com/,Saya Therapies,info@sayatherapies.com,
nail salon london,Monument,10,foreverushairandbeauty.co.uk,https://www.foreverushairandbeauty.co.uk/,Forever Us Hair &amp; Beauty ,contact@forever-us.co.uk,0207256; 0770953
nail salon london,Monument,14,eighty-8.co.uk,https://www.eighty-8.co.uk/,Eighty-8 Nail Studio,battersea@eighty-8.co.uk; chelsea@eighty-8.co.uk; coventgarden@eighty-8.co.uk; hello@eighty-8.co.uk; info@eighty-8.co.uk; kingsroad@eighty-8.co.uk; nottinghill@eighty-8.co.uk; pawelurbanski@eighty-8.co.uk,0203551; 0203689; 0204614
nail salon london,Covent Garden,6,thenailartistry.co.uk,https://www.thenailartistry.co.uk/,The Nail Artistry,info@thenailartistry.co.uk; thenailartistryld@gmail.com,0207018
nail salon london,Covent Garden,9,chisnails.com,https://www.chisnails.com/,Chi’s Nails Studio Covent Garden,huydao90@icloud.com,0207240
nail salon london,Soho,5,beautyboxnailbar.co.uk,https://www.beautyboxnailbar.co.uk/,,beautyboxsoho@gmail.com; beautyboxtcr@gmail.com,02036014848; 02036028383; 02086170275
nail salon london,Soho,7,lavishnailssoho.co.uk,https://www.lavishnailssoho.co.uk/,,lavish.uk2018@gmail.com,02077341788
nail salon london,Soho,12,nailsandbrows.me,https://nailsandbrows.me/,,enquiries@beautyeditmayfair.com; info@nailsandbrows.me; press@beautyeditmayfair.com; press@nailsandbrows.me,0207244; 0207499
nail salon london,Soho,13,cona.london,https://www.cona.london/,,info@cona.london,
nail salon london,Fitzrovia,2,yukioflondon.co.uk,https://yukioflondon.co.uk/,,info@yukioflondon.co.uk,
nail salon london,Fitzrovia,9,dryby.co.uk,https://dryby.co.uk/,,studio@dryby.co.uk,0203961; 0207434
nail salon london,Fitzrovia,10,mytreatwell.co.uk,https://lulunailsbeauty.mytreatwell.co.uk/,,a.q.ngo@hotmail.co.uk,0203417
nail salon london,Fitzrovia,16,rem.co.uk,https://rem.co.uk/,,sales@rem.co.uk,04260577; 077709809; 12826196
nail salon london,Fitzrovia,19,luxurialifestyle.com,https://www.luxurialifestyle.com/,,info@luxurialifestyle.com,10375475; 20212022; 20232024
nail salon london,Marylebone,4,thenailstation.co.uk,https://www.thenailstation.co.uk/,,thenailstation@live.co.uk,0207724; 04517078; 1126342
nail salon london,Marylebone,6,nailspa.org,https://www.nailspa.org/,,info@nailspa.org,0203838; 0207266; 0207916
nail salon london,Marylebone,9,marylebonenailspa.co.uk,https://www.marylebonenailspa.co.uk/,,marylebonenailspa@gmail.com,0203643; 02036437154
nail salon london,Marylebone,11,margaretdabbs.co.uk,https://www.margaretdabbs.co.uk/,,marketing@margaretdabbs.co.uk; office@margaretdabbs.co.uk; sales@margaretdabbs.co.uk,+442074869273
nail salon london,Marylebone,16,bellecourbeauty.com,https://bellecourbeauty.com/,,bakerstreet@bellecourbeauty.com; victoria@bellecourbeauty.com,0203818618; 02078280206; 073429256
nail salon london,Marylebone,17,nbar.com,https://www.nbar.com/,,info@nbar.com,
nail salon london,Marylebone,20,mytreatwell.co.uk,https://coconailsclub.mytreatwell.co.uk/,,coco_uk283@yahoo.com,0207935
nail salon london,Mayfair,11,johansford.com,https://johansford.com/,,contact@johansford.com,0207112; 0207495; 4072286
nail salon london,Mayfair,12,chicwham.com,https://chicwham.com/,,info@chicwham.com,0204618; 0204618299
nail salon london,Mayfair,15,mytreatwell.co.uk,https://ellegancenails.mytreatwell.co.uk/,,anna.tran030191@gmail.com,077780300
nail salon london,St James,5,sofitelstjames.com,https://www.sofitelstjames.com/,,sofitel.londonstjames@sofitel.com,+4478621294; 77472200; 77472210
nail salon london,St James,15,truefittandhill.co.uk,https://www.truefittandhill.co.uk/,Truefitt &amp; Hill,appointments@truefittandhill.co.uk; info@truefittandhill.co.uk; marketing@truefittandhill.co.uk; orders@truefittandhill.co.uk,0207493; 36576716; 74932961
nail salon london,St James,20,drharris.co.uk,https://www.drharris.co.uk/,,careers@drharris.co.uk; pharmacy@drharris.co.uk; press@drharris.co.uk; sales@drharris.co.uk; wholesale@drharris.co.uk,79303915
nail salon london,Paddington,11,buyantbeautysalon.com,https://www.buyantbeautysalon.com/,Buyant Beauty Salon,info@buyantbeautysalon.com,02039725668
nail salon london,Pimlico,2,phnails.beauty,https://phnails.beauty/,,phnails.beauty@gmail.com; us@ph.nailspa,0203536892
nail salon london,Pimlico,3,thirtyfournails.com,https://www.thirtyfournails.com/,Thirty Four Nails,hello@thirtyfournail.com; hello@thirtyfournails.com,0207821; 92220207821
nail salon london,Pimlico,6,petitespa.co.uk,https://petitespa.co.uk/,,hello@petitespa.co.uk,0758888
nail salon london,Pimlico,7,mytreatwell.co.uk,https://goglampimlico.mytreatwell.co.uk/,,gone2goglam@gmail.com,0207828
nail salon london,Chelsea,5,zoyasbeautysalon.com,https://zoyasbeautysalon.com/,,contact@zoyasbeautysalon.com,73522810
nail salon london,Chelsea,10,soshell.uk,https://soshell.uk/,,info@so.shell,+4473012673; +4474350827; +4478263772
nail salon london,Chelsea,11,madamme.co.uk,https://madamme.co.uk/,,madamme.salon@gmail.com; salon@madamme.co.uk,
nail salon london,Chelsea,15,chloenailspa.co.uk,https://www.chloenailspa.co.uk/,,chloenails.official@gmail.com,0207225; 0778472132
nail salon london,Chelsea,16,mikasalon.co.uk,https://www.mikasalon.co.uk/,,mika.salon@yahoo.com,
nail salon london,Chelsea,20,chelseapedicure.com,https://chelseapedicure.com/,,%20info@chelseapedicure.com; info@chelseapedicure.com,0203633; 075813599
nail salon london,Battersea,4,luxnailsandbeauty.co.uk,https://www.luxnailsandbeauty.co.uk/,,luxnailsandbeauty@gmail.com,02034418030
nail salon london,Battersea,6,soshell.uk,https://soshell.uk/,,pr@so.shell,+4473012673; +4474350827; +4478263772
nail salon london,Battersea,10,mytreatwell.co.uk,https://vivinailbattersea.mytreatwell.co.uk/,,vivinailbattersea@gmail.com,0207720
nail salon london,Battersea,11,beautylish.com,https://www.beautylish.com/,,service@beautylish.com,18779925474
nail salon london,Battersea,13,pauledmonds.com,https://pauledmonds.com/,,info@pauledmonds.com; mail@pauledmonds.com; yashar.rasekh@pauledmonds.com,75895958
nail salon london,Nine Elms,8,elmsleaf.com,https://elmsleaf.com/,,elmsleaf@gmail.com,0203649018
nail salon london,Nine Elms,13,wellnesslasercentre.com,https://wellnesslasercentre.com/,,info@bellevousspa.com; nineelms@bellevousspa.com,36748697; 7399803094; 76226364
nail salon london,Clapham,6,sugarcanesalon.com,https://www.sugarcanesalon.com/,Sugar Cane Salon,contact@sugarcanesalon.com,0207978; 02079781910
nail salon london,Clapham,8,victorianailbarlondon.com,https://victorianailbarlondon.com/,,victorianailsclapham@email.com; victorianailsclapham@gmail.com,0207223
nail salon london,Clapham,10,houseofbeautylondon.com,https://www.houseofbeautylondon.com/,,info@houseofbeautylondon.com,0208062440
nail salon london,Clapham,11,images-beauty.co.uk,https://images-beauty.co.uk/,,support@images-beauty.co.uk,0207622871
nail salon london,Clapham,14,bellabars.info,https://www.bellabars.info/,belllabar.co.uk,lanngok@gmail.com,02072238085; 0784262476
nail salon london,Clapham,16,lavingiabeauty.com,https://lavingiabeauty.com/,,info@lavingiabeauty.com,0208675770; 02086757700
nail salon london,Clapham,18,livetruelondon.com,https://livetruelondon.com/,,careers@livetruelondon.com,0204531; 0207582; 0207627
nail salon london,Wandsworth,10,shenails.co.uk,http://www.shenails.co.uk/,,emc5036@gmail.com,0203581; 0203581152
nail salon london,Wandsworth,11,styleloungestudio.com,https://styleloungestudio.com/,,info@styleloungestudio.com,0208870; 0208977
nail salon london,Wandsworth,13,lotusspawandsworth.com,https://www.lotusspawandsworth.com/,,lotusspawandsworthcommon@gmail.com,02031330088
nail salon london,Wandsworth,20,getblys.com,https://getblys.com/,Blys Mobile Massage On-Demand,hello@getblys.com; hello@getblys.com.au,+13148768255
nail salon london,Putney,3,lelotuslondon.co.uk,https://lelotuslondon.co.uk/,,lelotuslondon@gmail.com,0203551
nail salon london,Putney,6,imagesnailsandbeauty.co.uk,https://www.imagesnailsandbeauty.co.uk/,,info@imagesnailsandbeauty.co.uk,0208616887
nail salon london,Putney,11,mytreatwell.co.uk,https://american-nails-putney.mytreatwell.co.uk/,,american_nails123@yahoo.co.uk,078285899
nail salon london,Putney,14,infinitymk.co.uk,https://infinitymk.co.uk/,,hair@infinitymk.co.uk,07496265696; 07894748167; 20172023
nail salon london,Putney,19,ellieuk.co.uk,https://www.ellieuk.co.uk/,,elliehairandbeauty@gmail.com,02087805444
nail salon london,Putney,20,londongrace.co.uk,https://londongrace.co.uk/,,hello@londongrace.co.uk; orders@londongrace.co.uk,
nail salon london,Fulham,6,book.app,https://thenailbarinfulham.book.app/,The Nail Bar,thenailbarsw6@gmail.com,0207381
nail salon london,Fulham,9,skipthefilter.co.uk,https://www.skipthefilter.co.uk/,Skip the filter,hello@skipthefilter.co.uk,
nail salon london,Fulham,11,lasvegasnailshammersmith.co.uk,https://lasvegasnailshammersmith.co.uk/,,info@lasvegasnailshammersmith.co.uk,0207385
nail salon london,Fulham,12,setmore.com,https://ccnailsspa.setmore.com/,CC Nails & Spa,info@ccnailsandspa.co.uk,
nail salon london,Fulham,13,soshell.uk,https://soshell.uk/,,marketing@so.shell,+4473012673; +4474350827; +4478263772
nail salon london,Fulham,18,mytreatwell.co.uk,https://la-bella-nail-beauty.mytreatwell.co.uk/,,labellaltd2019@gmail.com,0203302
nail salon london,Fulham,19,secretoasisspa.co.uk,https://secretoasisspa.co.uk/,,info@secretoasisspa.co.uk; medispa@secretoasisspa.co.uk,0203302; 0207371
nail salon london,Fulham,20,blushandblowlondon.com,https://blushandblowlondon.com/,,annie@blushandblowlondon.com; info@blushandblowlondon.com; mel@melissalloydpr.com,0207731; 0207736; 0207736043
nail salon london,Hammersmith,9,rawrbeauty.co.uk,https://www.rawrbeauty.co.uk/,,info@rawrbeauty.co.uk,
nail salon london,Hammersmith,15,thehouseofdollshammersmith.com,https://www.thehouseofdollshammersmith.com/,,info@thehouseofdollshammersmith.com,39526857
nail salon london,Hammersmith,18,thenailist.co.uk,https://www.thenailist.co.uk/,,hello@thenailist.co.uk,02086171780
nail salon london,Shepherds Bush,5,primelookbeauty.com,https://primelookbeauty.com/,,hello@theme.com; info@primelookbeauty.com,0208740734; 02087407348; 0795088905
nail salon london,Shepherds Bush,7,hananbeautysalon.co.uk,https://hananbeautysalon.co.uk/,,info@hananbeautysalon.co.uk,0208743; 73720743626
nail salon london,Shepherds Bush,12,mytreatwell.co.uk,https://tanandbeautyon.mytreatwell.co.uk/,,info@tanandbeautyon.co.uk,0208749
nail salon london,Shepherds Bush,20,no1hairandbeauty.com,https://no1hairandbeauty.com/,,info@no1hairandbeauty.com,0203489259; 0790312180
nail salon london,Notting Hill,6,lspanails.com,https://www.lspanails.com/,L' Spa Nails,lspanailsnottinghill@gmail.com,0203105384; 0770809; 31053842
nail salon london,Notting Hill,12,venusnailswellbeingspa.co.uk,https://www.venusnailswellbeingspa.co.uk/,,venusbeauty2013@gmail.com,0208225
nail salon london,Notting Hill,17,youngldn.com,https://www.youngldn.com/,,hello@youngldn.com,0203453970; 02083453970; 02083543970
nail salon london,Kensington,7,lybeauty.co.uk,https://www.lybeauty.co.uk/,,info@lybeauty.co.uk,+4477614643
nail salon london,Kensington,8,obliquebeauty.uk,https://obliquebeauty.uk/,Oblique,info@obliquebeauty.uk,+4473676525; +4474656451; 07367652555
nail salon london,Kensington,16,theindustry.beauty,https://theindustry.beauty/,,membership@theindustry.beauty; membership@theindustry.fashion,
nail salon london,Kensington,19,mytreatwell.co.uk,https://nail-spa-south-kensington.mytreatwell.co.uk/,,chidunglondon@yahoo.com,0207225
nail salon london,South Kensington,16,larrykinghair.com,https://larrykinghair.com/,,anneka@a-frameagency.com; becky@beckyknowles.com; bookings@larryking.co.uk; comments@larryking.co.uk; comments@lauraking.co.uk; katelyn@larryking.co.uk; kirstin@larryking.co.uk,0207584
nail salon london,South Kensington,20,aersalons.com,https://aersalons.com/,,hello@aersalons.com; redken@nathan.hair.pro; redkenpro@nathan.hair.pro,0207244; 02072449499
nail salon london,Earls Court,5,purluxnails.co.uk,https://www.purluxnails.co.uk/,,purluxnailsandspa@outlook.com,0207341
nail salon london,Earls Court,7,mytreatwell.co.uk,https://lamour-nails-beauty.mytreatwell.co.uk/,,hungluong@hotmail.co.uk,0208109
nail salon london,Earls Court,10,setmore.com,https://luxnailskensington.setmore.com/,Lux Nails,hellomyboss.uk@gmail.com,79374262
nail salon london,West Kensington,5,mytreatwell.co.uk,https://qandnnailspa.mytreatwell.co.uk/,,lequansk@yahoo.com,0207460
nail salon london,West Kensington,16,hamletlaundry.com,https://hamletlaundry.com/,,info@hamletlaundry.com,+4420805080
nail salon london,West Kensington,18,kensingtonbarbers.com,https://kensingtonbarbers.com/,,info@kensingtonbarbers.com,02079382552
nail salon london,Chiswick,2,charenenailspachiswick.co.uk,http://charenenailspachiswick.co.uk/,,charenenailspachiswick@gmail.com,0208707; 0745690184
nail salon london,Chiswick,3,meraki-nailstudio.com,https://meraki-nailstudio.com/,,info@meraki-nailstudio.com,0208987
nail salon london,Chiswick,5,salonmari.co.uk,https://salonmari.co.uk/,,info@salonmari.co.uk,0781070343
nail salon london,Chiswick,6,urbanrosebeauty.com,https://www.urbanrosebeauty.com/,,chiswick@urbanrosebeauty.com; hello@urbanrosebeauty.com; wembley@urbanrosebeauty.com,02038366999; 0208707; 02087076426
nail salon london,Chiswick,7,chiswickbeautique.co.uk,https://www.chiswickbeautique.co.uk/,,info@chiswickbeautique.co.uk,0208747
nail salon london,Chiswick,8,thenailounge.co.uk,https://thenailounge.co.uk/,,info@thenailounge.co.uk,0208149042
nail salon london,Chiswick,10,nailsbar.net,https://www.nailsbar.net/,,info.nailsbar27@gmail.com,
nail salon london,Chiswick,15,mytreatwell.co.uk,https://halonailstudio.mytreatwell.co.uk/,,halonailstudiochiswick@gmail.com,015823540
nail salon london,Chiswick,17,richnailslondon.co.uk,https://www.richnailslondon.co.uk/,,richnailsw4@gmail.com,0207433388; 0208987909
nail salon london,Acton,2,pamperingparadise.co.uk,https://www.pamperingparadise.co.uk/,,pamperingparadise21@gmail.com,0203794; 079791990
nail salon london,Acton,12,narasimone.com,https://www.narasimone.com/,,info@narasimone.com,0208896
nail salon london,Acton,14,moodz.com,https://www.moodz.com/,,example@mail.com; inquiry@moodz.com; owners@moodz.com; with@wigs.for.kids,7209782633017; 7785083587010; 9782630203
nail salon london,Acton,19,hotpatch.com,https://www.hotpatch.com/,Hotpatch Ltd,hello@hotpatch.com,
nail salon london,Ealing,2,kukolondon.co.uk,https://www.kukolondon.co.uk/,Kuko London,info@kukolondon.co.uk,0203337; 0203337584; 0203375848
nail salon london,Ealing,8,northfieldsbeautybar.com,https://northfieldsbeautybar.com/,,hello@northfieldsbeautybar.com,0208579; 85792470
nail salon london,Ealing,9,uknailsealing.uk,https://uknailsealing.uk/,,uknailsealing@gmail.com,0794348058
nail salon london,Ealing,11,elitelaserstudio.com,https://www.elitelaserstudio.com/,Elite Laser &amp; Nails,contact@elitelaserstudio.com,0203624; 0203624782; 0731211164
nail salon london,Ealing,13,pretty-parlour.com,https://pretty-parlour.com/,,info@pretty-parlour.com,2082594388
nail salon london,Ealing,14,leon-beauty.co.uk,https://leon-beauty.co.uk/,,contact@leon-beauty.co.uk,02038289999
nail salon london,Ealing,15,podospa.london,https://podospa.london/,,cosmetics.and.podology@gmail.com,074756319; 075662325
nail salon london,Ealing,16,nailay.co.uk,https://nailay.co.uk/,,nailay.london@gmail.com,073766428
nail salon london,Brentford,17,bamford.com,https://www.bamford.com/,,bamfordspa.bromptoncross@bamford.co.uk; bamfordspa.bromptoncrosss@bamford.co.uk; bamfordspa.cotswolds@bamford.co.uk; guest.services@bamford.co.uk; guest.services@bamfordclub.com; guest.services@daylesford.com; marcom@bamford.co.uk; onlineshop@bamford.co.uk; onlineshop@daylesford.com; press@bamford.co.uk; wholesale@bamford.co.uk,016086927; 016086928; 16087317
nail salon london,Brentford,20,switchnailslondon.com,https://switchnailslondon.com/,,switchnailslondon@gmail.com,+4479997956; 1784140102923
nail salon london,Richmond,5,mytreatwell.co.uk,https://glamour-nails.mytreatwell.co.uk/,,mexanh204@hotmail.com,0208940
nail salon london,Twickenham,2,nailplaza.co.uk,https://nailplaza.co.uk/,,booking@nailplaza.co.uk,0203754
nail salon london,Twickenham,4,setmore.com,https://ohmynails.setmore.com/,Oh My Nails,hello@ohmynailstw2.com,80133568
nail salon london,Twickenham,10,helensnailstwickenham.co.uk,https://www.helensnailstwickenham.co.uk/,,boss2005vn@yahoo.com,0208744; 4402087449377
nail salon london,Twickenham,15,minthairandspa.co.uk,https://minthairandspa.co.uk/,,enquiries@minthairandspa.co.uk,0208744; 0208891
nail salon london,Kew,3,kewticles.co.uk,https://www.kewticles.co.uk/,Kewticles Nails &amp; Beauty,kewticlesnails@gmail.com,
nail salon london,Kew,6,amandahuynh.com,https://www.amandahuynh.com/,Beauty by Amanda Huynh,info@amandahuynh.com,0208332
nail salon london,Kew,17,elsakewbridge.com,https://www.elsakewbridge.com/,,elsakewbridge@gmail.com,02085687337
nail salon london,Barnes,1,nailsamourlondon.com,https://nailsamourlondon.com/,,nailsamour66a@gmail.com; support@nail-amour.com,0754559997
nail salon london,Barnes,6,mytreatwell.co.uk,https://pomelonailbar.mytreatwell.co.uk/,,tomtranuk@gmail.com,0208876
nail salon london,Barnes,11,thepeachtreebeautyclinic.co.uk,https://www.thepeachtreebeautyclinic.co.uk/,,info@thepeachtreebeautyclinic.co.uk,0208741
nail salon london,Hounslow,16,glamandgolondon.com,https://glamandgolondon.com/,,glamandgohounslow@gmail.com; info@glamandgolondon.com,40591153; 85771333
nail salon london,Hounslow,20,beautybyaisha.co.uk,https://beautybyaisha.co.uk/,,info@beautybyaisha.co,02082303576
nail salon london,Isleworth,7,remedyhairandnails.co.uk,https://www.remedyhairandnails.co.uk/,,remedyhairandnails@gmail.com,074840641; 0748406416
nail salon london,Isleworth,8,mytreatwell.co.uk,https://inspiration-nails-hair-beauty.mytreatwell.co.uk/,,a_abaker@hotmail.co.uk,0208560
nail salon london,Isleworth,11,hivasbeautylounge.co.uk,https://www.hivasbeautylounge.co.uk/,Hivas Beauty Lounge,appointments@hivasbeautylounge.co.uk,02034902590
nail salon london,Isleworth,17,jeunehairbeautyclinic.co.uk,https://jeunehairbeautyclinic.co.uk/,,contact@jeunehairbeautyclinic.co.uk; jeunehairbeautyclinic142@yahoo.com,0208581
nail salon london,Isleworth,20,hirohironail.co.uk,https://www.hirohironail.co.uk/,Hiro Hiro Nails,hironailandbeauty@gmail.com,0792666686
nail salon london,Kingston,1,kingston.salon,https://kingston.salon/,,info@kingston.salon; instagram@kingston.nails; us@kingston.nails,79688868
nail salon london,Kingston,6,lovelynailsbar.co.uk,https://lovelynailsbar.co.uk/,,book@lovelynailsbar.co.uk,074503976
nail salon london,Kingston,11,arturolondon.co.uk,https://www.arturolondon.co.uk/,Arturo Grooming and Aesthetics,hello@arturolondon.co.uk; support@arturolondon.co.uk,0204512
nail salon london,Kingston,15,sanyaspalondon.com,https://www.sanyaspalondon.com/,Sanya SPA,bookings@sanyaspalondon.com,02036656794; 079579930
nail salon london,Kingston,18,magichandsbeautysalon.com,https://www.magichandsbeautysalon.com/,,%20info@magichandsbeautysalon.com; info@magichandsbeautysalon.com,
nail salon london,Surbiton,3,setmore.com,https://charmnailsspa.setmore.com/,Charm Nails and Spa,charm.nailspa9@gmail.com,78256755
nail salon london,Surbiton,6,simplicitysurbiton.co.uk,http://www.simplicitysurbiton.co.uk/,,info@simplicitysurbiton.com; simplicity.surbiton@gmail.com,83995777
nail salon london,Surbiton,11,thebeautyroomsurbiton.co.uk,https://www.thebeautyroomsurbiton.co.uk/,,info@thebeautyroomsurbiton.co.uk,0208399; 07139820
nail salon london,Surbiton,13,maxmaynails.com,https://maxmaynails.com/,,info@maxmaynails.com,+447917453325
nail salon london,Wimbledon,1,lagoonspa.co.uk,https://lagoonspa.co.uk/,,info@lagoonspa.co.uk,0208947
nail salon london,Wimbledon,4,treatnailswimbledon.com,https://www.treatnailswimbledon.com/,Treat Nails Spa and Beauty LTD,info.treatnails@gmail.com,0207018883
nail salon london,Wimbledon,6,nailsnco.uk,https://nailsnco.uk/,,info@nailsnco.uk,0208944
nail salon london,Wimbledon,7,taketimelondon.co.uk,https://www.taketimelondon.co.uk/,,boutique@taketimelondon.co.uk,0208944
nail salon london,Wimbledon,9,wimbledonvillage.com,https://wimbledonvillage.com/,,info@wimbledonvillage.com,0792019593
nail salon london,Wimbledon,13,the-grid-salon.com,https://www.the-grid-salon.com/,The Grid Nails &amp; Skincare,info@the-grid-salon.com,+447493019492
nail salon london,Wimbledon,15,ginaconwaysalons.co.uk,https://ginaconwaysalons.co.uk/,Gina Conway Salon & Spa,recruitment@ginaconway.co.uk; socialmedia@ginaconway.co.uk; wimreception@ginaconway.co.uk,0208090
nail salon london,Merton,14,clch.nhs.uk,https://clch.nhs.uk/,,clchig@nhs.net; clchpals@nhs.net; clcht.carers@nhs.net; clcht.clch.recruitment@nhs.net; clcht.comms@nhs.net; foi.request@nhs.net; lnwh-tr.clchaccountspayable@nhs.net,019239612; 0207798; 02081025005
nail salon london,Merton,19,mytreatwell.co.uk,https://kimicospa.mytreatwell.co.uk/,,thutran7310@gmail.com,0208417
nail salon london,Tooting,8,setmore.com,https://pepperk05v.setmore.com/,Pepper Nails & Beauty,peppernailsandbeauty@gmail.com,78585757
nail salon london,Tooting,10,agbeautytootingbec.co.uk,https://agbeautytootingbec.co.uk/,,agbeautytooting@gmail.com; info@agbeautytootingbec.co.uk,074345538; 74345538
nail salon london,Tooting,11,sudanlondon.com,https://www.sudanlondon.com/,,info@sudanlondon.com,0207837986; 0208672121; 0208772121
nail salon london,Tooting,16,head-hunters24.co.uk,https://head-hunters24.co.uk/,,info@headhunters24.co.uk,00754203077; 0203092; 0203092687
nail salon london,Tooting,18,tootingmarket.com,https://tootingmarket.com/,,admin@tootingmarket.com; by@amyadams.photo,0208672; 075981300
nail salon london,Tooting,20,sajna.co.uk,https://sajna.co.uk/,,info@sajna.co.uk; partner@sanja.co.uk; us@firstsight.design,02075010001
nail salon london,Balham,7,purabeautysalon.co.uk,https://www.purabeautysalon.co.uk/,Pura Beauty Salon,info@purabeautysalon.co.uk,07926993367
nail salon london,Balham,10,thepetspalondon.co.uk,https://thepetspalondon.co.uk/,,balham@thepetspalondon.co.uk; bark@thepetspalondon.co.uk,0203302; 0203780
nail salon london,Balham,12,fabulous-beauty.co.uk,https://fabulous-beauty.co.uk/,,info@fabulous-beauty.co.uk,0208673
nail salon london,Balham,13,proudthaispa.co.uk,https://www.proudthaispa.co.uk/,Proud Thai Spa,admin@proudthaispa.co.uk,0208772
nail salon london,Streatham,4,traceynails.com,https://traceynails.com/,,info@traceynails.com,02088350928
nail salon london,Streatham,5,mytreatwell.co.uk,https://blissfulnailstudio.mytreatwell.co.uk/,,blissfulnailstudio@gmail.com,073970789
nail salon london,Norbury,13,suwannasthaispa.co.uk,https://suwannasthaispa.co.uk/,,suwanna@suwannasthaispa.co.uk; suwanna_su84@hotmail.com,0208488221; 0208679; 40746478951
nail salon london,Norbury,14,janewraysalon.co.uk,https://www.janewraysalon.co.uk/,,contact@janewraysalon.co.uk,0208764
nail salon london,Croydon,7,ataranailbar.co.uk,https://www.ataranailbar.co.uk/,,hello@ataranailbar.co.uk,0208616
nail salon london,Croydon,13,snownails.uk,https://snownails.uk/,,info@snownails.uk; info@snownals.uk,074542605
nail salon london,Crystal Palace,5,ninskilondon.com,https://ninskilondon.com/,,ninski.42@gmail.com; us@ninski.london,00757290199; 0208768062; 0757290199
nail salon london,Crystal Palace,8,revitalize.london,https://revitalize.london/,,revitalize.mel@hotmail.co.uk,02087717733
nail salon london,Crystal Palace,11,plasterbeauty.com,https://plasterbeauty.com/,Plaster,info@perfectblend.co.uk,0208768; 51600790338
nail salon london,Crystal Palace,13,crystalpalaceclinic.com,https://crystalpalaceclinic.com/,,hello@crystalpalaceclinic.com,70181209
nail salon london,Sydenham,1,setmore.com,https://sydenhamnails.setmore.com/,Sydenham Nail & Spa,tranganhvn19@gmail.com,87788943
nail salon london,Sydenham,2,time4nails.co.uk,https://time4nails.co.uk/,,booking@time4nails.co.uk,0203718
nail salon london,Sydenham,5,nailbar56.co.uk,https://nailbar56.co.uk/,,andyyn8@gmail.com; nailbar56sydenham@gmail.com,0208778
nail salon london,Sydenham,13,flawlessfeet.com,https://www.flawlessfeet.com/,,hello@flawlessfeet.com,0203713; 0203713836; 03451223100
nail salon london,Forest Hill,1,setmore.com,https://rosienailbarse23.setmore.com/,Rosie Nail Bar Se23,rhoang113@gmail.com,74487749
nail salon london,Forest Hill,3,pampernailbar.co.uk,https://pampernailbar.co.uk/,,hello@pampernailbar.co.uk,0203946; 1800754142598; 1801409285292
nail salon london,Forest Hill,6,lovele.me,https://lovele.me/,,nails@lovele.me,02082813944; 0208291
nail salon london,Forest Hill,14,acquavivabeauty.com,https://acquavivabeauty.com/,,acquavivabeauty@outlook.com,20202021; 7367507422
nail salon london,Forest Hill,20,mytreatwell.co.uk,https://prettyonperfect.mytreatwell.co.uk/,,prettyonperfect@gmail.com,079516110
nail salon london,Lewisham,8,elyseclinic.co.uk,https://www.elyseclinic.co.uk/,Elyse Beauty &amp; Laser Clinic,contact@elyseclinic.co.uk,
nail salon london,Lewisham,11,daksheen.co.uk,https://www.daksheen.co.uk/,,enquiries@daksheen.co.uk; s@daksheen.co.uk,0208852; 08964174; 50860753
nail salon london,Lewisham,18,houseofvanitylondon.co.uk,https://www.houseofvanitylondon.co.uk/,,info@houseofvanitylondon.co.uk,0203583
nail salon london,Catford,13,lecrisadore.co.uk,https://www.lecrisadore.co.uk/,,info@lecrisadore.com,02084614686
nail salon london,Catford,14,refinery29.com,https://www.refinery29.com/,Refinery29,advertising@refinery29.com; feedback@refinery29.uk,
nail salon london,Catford,15,mytreatwell.co.uk,https://famousstylesbellingham.mytreatwell.co.uk/,,famoustyles@yahoo.com,078482799
nail salon london,Blackheath,7,luminisbeauty.co.uk,https://luminisbeauty.co.uk/,Luminis Beauty Spa,blackheath@luminisbeauty.co.uk; canarywharf@luminisbeauty.co.uk; chislehurst@luminisbeauty.co.uk; chiswick@luminisbeauty.co.uk; hello@luminisbeauty.co.uk; reigate@luminisbeauty.co.uk,017372216; 0204553; 0207513
nail salon london,Blackheath,9,mytreatwell.co.uk,https://florabeautylounge.mytreatwell.co.uk/,,hello@florabeautylounge.co.uk,077199558
nail salon london,Blackheath,10,goodlooksbeauty.co.uk,https://www.goodlooksbeauty.co.uk/,,appointments@goodlooksbeauty.co.uk,0208318; 06480208852
nail salon london,Blackheath,12,bhumisstudio.co.uk,https://www.bhumisstudio.co.uk/,,info@bhumisstudio.co.uk,+447985459672
nail salon london,Charlton,7,scenethesalon.com,https://www.scenethesalon.com/,,reception@scenethesalon.com,012425241
nail salon london,Charlton,12,venusnailsupplies.co.uk,https://venusnailsupplies.co.uk/,,venusnail@hotmail.co.uk,+442088583302; 0208858; 0788088166
nail salon london,Charlton,15,davidsalon.com.ph,https://www.davidsalon.com.ph/,,davidssalonincorporation@gmail.com; email@domain.com; info@davidsalon.com.ph,88909098
nail salon london,Woolwich,1,naba.uk,https://www.naba.uk/,,hello@naba.uk; nailartbyashton@gmail.com,073911571
nail salon london,Woolwich,3,nailsdid.co.uk,https://www.nailsdid.co.uk/,Nails DID,nailsdiduk@gmail.com,0208854
nail salon london,Woolwich,11,nailsbynatwoolwich.co.uk,https://www.nailsbynatwoolwich.co.uk/,Nails by Nat,nat@nailsbynatwoolwich.co.uk,079510026
nail salon london,Plumstead,7,plumsteadbeauty.com,https://plumsteadbeauty.com/,,huka@info.com; info@plumsteadbeauty.com,
nail salon london,Plumstead,16,nuriaspecialtouch.com,https://nuriaspecialtouch.com/,,info@example.com; nuria.specialtouch@gmail.com,+18592546589; 74468769
nail salon london,Plumstead,20,beautyatslade.com,https://beautyatslade.com/,,info@beautyatslade.com,02079985055
nail salon london,Thamesmead,12,thamesmeadnow.org.uk,https://www.thamesmeadnow.org.uk/,,thamesmeadnow@peabody.org.uk,2371715
nail salon london,Erith,11,elegantnailsbeauty.co.uk,http://www.elegantnailsbeauty.co.uk/,,elegantnailsandbeauty6c@gmail.com,0132274312
nail salon london,Erith,20,lsec.ac.uk,https://www.lsec.ac.uk/,,bexleylrc@lsec.ac.uk; greenwichlrc@lsec.ac.uk; lrc@lsec.ac.uk; studenthub@lsec.ac.uk,0203954; 02039544000
nail salon london,Belvedere,16,canrad.com,https://canrad.com/,,info@canrad.com,4166637373; 4166638912; 8002681905
nail salon london,Bexley,16,mariaprocanails.co.uk,https://mariaprocanails.co.uk/,,procamaria71@gmail.com,
nail salon london,Bexley,20,gorgeousemporium.com,https://gorgeousemporium.com/,,info@gorgeousemporium.com,013225288; 0132252888
nail salon london,Bexleyheath,10,heavennailsandbeauty.co.uk,http://heavennailsandbeauty.co.uk/,,heavennails294@gmail.com,0203062431
nail salon london,Bexleyheath,17,indulgencebeauty.com,https://www.indulgencebeauty.com/,,info@indulgencebeauty.com,0208304; 02083047220
nail salon london,Sidcup,5,emilysnails.co.uk,https://www.emilysnails.co.uk/,Emily's Nails,emilysnails.sidcup@gmail.com,0132293011; 1010408336; 14891793738
nail salon london,Sidcup,6,beautifulnails-sidcup.co.uk,https://beautifulnails-sidcup.co.uk/,,info@beautifulnails-sidcup.co.uk,078480969; 20132025
nail salon london,Sidcup,8,vpnailsspa.co.uk,http://vpnailsspa.co.uk/,,vpnails2021@gmail.com,0208302
nail salon london,Sidcup,14,blendmakeuplondon.com,https://www.blendmakeuplondon.com/,Blend Makeup,enquiries@blendmakeuplondon.com,0208302657; 02083026575
nail salon london,Eltham,3,luxnailspa.co.uk,https://luxnailspa.co.uk/,,%20info@luxnailspa.co.uk; info@luxnailspa.co.uk,079686819; 74798668
nail salon london,Eltham,6,tinyssalon.com,http://www.tinyssalon.com/,,info@tinyssalon.com,0208859
nail salon london,Eltham,14,beautielablondon.co.uk,https://www.beautielablondon.co.uk/,Beautie.LAB,info@beautielab.co.uk; info@elthambeautielab.co.uk; info@hayesbeautielab.co.uk,0203084; 0203940; 0203940965
nail salon london,Eltham,17,jandwsupply.com,https://jandwsupply.com/,J&amp;W Supply Ltd,info@jandwsupplyltd.co.uk,0208859; 1000208859
